id,experiment_id,trial_number,question_id,sequence_a_first_tone,sequence_a_second_tone,sequence_a_gap_duration,sequence_b_first_tone,sequence_b_second_tone,sequence_b_gap_duration,response,created_at
46,15,1,HSN,500,600,540,500,500,600,longer,2024-12-04 10:30:45.602+00
47,15,2,SMR,500,500,600,500,500,600,longer,2024-12-04 10:30:50.518+00
48,15,3,LLR,500,500,600,500,400,660,equal,2024-12-04 10:30:54.962+00
49,15,4,HSR,500,500,600,500,600,540,longer,2024-12-04 10:30:59.374+00
50,15,5,HLN,500,600,660,500,500,600,longer,2024-12-04 10:31:04.773+00
51,15,6,LSN,500,400,540,500,500,600,equal,2024-12-04 10:31:09.272+00
52,15,7,LMN,500,400,600,500,500,600,longer,2024-12-04 10:31:13.789+00
53,15,8,LLN,500,400,660,500,500,600,shorter,2024-12-04 10:31:18.368+00
54,15,9,HLR,500,500,600,500,600,660,longer,2024-12-04 10:31:22.941+00
55,15,10,LMR,500,500,600,500,400,600,shorter,2024-12-04 10:31:27.393+00
56,15,11,SLN,500,500,660,500,500,600,shorter,2024-12-04 10:31:34.239+00
57,15,12,HMR,500,500,600,500,600,600,longer,2024-12-04 10:31:39.439+00
58,15,13,HMN,500,600,600,500,500,600,longer,2024-12-04 10:31:45.116+00
59,15,14,SLR,500,500,600,500,500,660,longer,2024-12-04 10:31:50.045+00
60,15,15,LSR,500,500,600,500,400,540,equal,2024-12-04 10:31:54.68+00
61,15,16,SMN,500,500,600,500,500,600,equal,2024-12-04 10:31:59.445+00
62,15,17,SSN,500,500,540,500,500,600,shorter,2024-12-04 10:32:04.446+00
63,15,18,SSR,500,500,600,500,500,540,longer,2024-12-04 10:32:08.907+00
64,18,1,LLN,500,400,660,500,500,600,longer,2024-12-08 13:43:10.501+00
65,18,2,SLR,500,500,600,500,500,660,equal,2024-12-08 13:43:18.349+00
66,18,3,HMN,500,600,600,500,500,600,longer,2024-12-08 13:43:26.812+00
67,18,4,HMR,500,500,600,500,600,600,equal,2024-12-08 13:43:33.253+00
68,18,5,LMR,500,500,600,500,400,600,equal,2024-12-08 13:43:39.387+00
69,18,6,LSR,500,500,600,500,400,540,equal,2024-12-08 13:43:45.248+00
70,18,7,SMN,500,500,600,500,500,600,shorter,2024-12-08 13:43:51.568+00
71,18,8,HLR,500,500,600,500,600,660,equal,2024-12-08 13:43:57.525+00
72,18,9,SSN,500,500,540,500,500,600,equal,2024-12-08 13:44:03.934+00
73,18,10,LLR,500,500,600,500,400,660,shorter,2024-12-08 13:44:12.59+00
74,18,11,HSN,500,600,540,500,500,600,equal,2024-12-08 13:44:18.347+00
75,18,12,SLN,500,500,660,500,500,600,equal,2024-12-08 13:44:23.03+00
76,18,13,HSR,500,500,600,500,600,540,equal,2024-12-08 13:44:28.623+00
77,18,14,SMR,500,500,600,500,500,600,equal,2024-12-08 13:44:34.452+00
78,18,15,LMN,500,400,600,500,500,600,shorter,2024-12-08 13:44:41.52+00
79,18,16,LSN,500,400,540,500,500,600,equal,2024-12-08 13:44:47.243+00
80,18,17,HLN,500,600,660,500,500,600,shorter,2024-12-08 13:44:53.458+00
81,18,18,SSR,500,500,600,500,500,540,equal,2024-12-08 13:44:58.825+00
82,19,1,LSR,500,500,600,500,400,540,equal,2024-12-08 13:45:27.225+00
83,19,2,HLN,500,600,660,500,500,600,equal,2024-12-08 13:45:35.545+00
84,19,3,SMN,500,500,600,500,500,600,equal,2024-12-08 13:45:43.662+00
85,19,4,SSN,500,500,540,500,500,600,longer,2024-12-08 13:45:52.962+00
86,19,5,LLR,500,500,600,500,400,660,longer,2024-12-08 13:46:01.802+00
87,19,6,SLR,500,500,600,500,500,660,shorter,2024-12-08 13:46:09.425+00
88,19,7,HLR,500,500,600,500,600,660,shorter,2024-12-08 13:46:16.398+00
89,19,8,HSR,500,500,600,500,600,540,longer,2024-12-08 13:46:24.365+00
90,19,9,LLN,500,400,660,500,500,600,longer,2024-12-08 13:46:31.997+00
91,19,10,SMR,500,500,600,500,500,600,shorter,2024-12-08 13:46:38.51+00
92,20,1,LLR,500,500,600,500,400,660,shorter,2024-12-08 13:48:09.381+00
93,20,2,SMR,500,500,600,500,500,600,equal,2024-12-08 13:48:29.131+00
94,20,3,SLR,500,500,600,500,500,660,shorter,2024-12-08 13:48:42.466+00
95,20,4,LMN,500,400,600,500,500,600,equal,2024-12-08 13:48:53.777+00
96,20,5,HMR,500,500,600,500,600,600,equal,2024-12-08 13:49:04.099+00
97,20,6,HLN,500,600,660,500,500,600,longer,2024-12-08 13:49:19.07+00
98,20,7,HLR,500,500,600,500,600,660,shorter,2024-12-08 13:49:26.537+00
99,20,8,LSN,500,400,540,500,500,600,longer,2024-12-08 13:49:42.676+00
100,20,9,HMN,500,600,600,500,500,600,equal,2024-12-08 13:49:53.766+00
101,20,10,LSR,500,500,600,500,400,540,shorter,2024-12-08 13:50:05.299+00
102,20,11,SLN,500,500,660,500,500,600,equal,2024-12-08 13:50:22.811+00
103,20,12,SSR,500,500,600,500,500,540,longer,2024-12-08 13:50:33.92+00
104,20,13,LLN,500,400,660,500,500,600,longer,2024-12-08 13:50:41.328+00
105,20,14,HSR,500,500,600,500,600,540,longer,2024-12-08 13:50:58.079+00
106,20,15,SMN,500,500,600,500,500,600,equal,2024-12-08 13:51:08.65+00
107,20,16,LMR,500,500,600,500,400,600,longer,2024-12-08 13:51:24.172+00
108,20,17,SSN,500,500,540,500,500,600,equal,2024-12-08 13:51:35.119+00
109,20,18,HSN,500,600,540,500,500,600,shorter,2024-12-08 13:51:43.394+00
110,22,1,HLN,500,600,660,500,500,600,equal,2024-12-08 14:12:24.693+00
111,22,2,LMN,500,400,600,500,500,600,equal,2024-12-08 14:12:30.747+00
112,22,3,LSN,500,400,540,500,500,600,longer,2024-12-08 14:12:38.969+00
113,23,1,LSN,500,400,540,500,500,600,equal,2024-12-08 14:19:12.458+00
114,23,2,HMR,500,500,600,500,600,600,equal,2024-12-08 14:19:24.387+00
115,23,3,HSR,500,500,600,500,600,540,equal,2024-12-08 14:19:32.682+00
116,23,4,SLR,500,500,600,500,500,660,shorter,2024-12-08 14:19:40.867+00
117,23,5,SSR,500,500,600,500,500,540,equal,2024-12-08 14:19:48.206+00
118,23,6,LSR,500,500,600,500,400,540,equal,2024-12-08 14:19:56.945+00
119,24,1,SSN,500,500,540,500,500,600,equal,2024-12-08 14:21:53.814+00
120,24,2,LMN,500,400,600,500,500,600,equal,2024-12-08 14:22:14.884+00
121,24,3,SMN,500,500,600,500,500,600,equal,2024-12-08 14:22:25.339+00
122,24,4,HLR,500,500,600,500,600,660,shorter,2024-12-08 14:23:06.527+00
123,24,5,LLR,500,500,600,500,400,660,shorter,2024-12-08 14:23:31.283+00
124,24,6,HMN,500,600,600,500,500,600,equal,2024-12-08 14:23:40.552+00
125,24,7,LLN,500,400,660,500,500,600,longer,2024-12-08 14:23:58.92+00
126,24,8,SMR,500,500,600,500,500,600,equal,2024-12-08 14:24:13.273+00
127,24,9,SLR,500,500,600,500,500,660,shorter,2024-12-08 14:24:33.079+00
128,24,10,LSR,500,500,600,500,400,540,longer,2024-12-08 14:24:44.183+00
129,24,11,HLN,500,600,660,500,500,600,longer,2024-12-08 14:25:24.875+00
130,24,12,SSR,500,500,600,500,500,540,longer,2024-12-08 14:25:31.892+00
131,24,13,HMR,500,500,600,500,600,600,equal,2024-12-08 14:25:50.295+00
132,24,14,SLN,500,500,660,500,500,600,longer,2024-12-08 14:26:00.864+00
133,24,15,HSR,500,500,600,500,600,540,longer,2024-12-08 14:26:24.05+00
134,24,16,LSN,500,400,540,500,500,600,equal,2024-12-08 14:26:55.038+00
135,24,17,HSN,500,600,540,500,500,600,equal,2024-12-08 14:27:13.073+00
136,24,18,LMR,500,500,600,500,400,600,equal,2024-12-08 14:27:26.924+00
137,25,1,SLN,500,500,660,500,500,600,equal,2024-12-08 14:30:44.564+00
138,25,2,SSR,500,500,600,500,500,540,equal,2024-12-08 14:30:53.897+00
139,25,3,LMN,500,400,600,500,500,600,shorter,2024-12-08 14:31:03.848+00
140,25,4,SSN,500,500,540,500,500,600,equal,2024-12-08 14:31:16.815+00
141,25,5,LLR,500,500,600,500,400,660,longer,2024-12-08 14:31:29.965+00
142,26,1,HSN,500,600,540,500,500,600,equal,2024-12-08 14:32:15.28+00
143,26,2,SLN,500,500,660,500,500,600,equal,2024-12-08 14:32:37.157+00
144,26,3,SSR,500,500,600,500,500,540,longer,2024-12-08 14:33:00.137+00
145,26,4,HMN,500,600,600,500,500,600,equal,2024-12-08 14:33:17.298+00
146,26,5,SMN,500,500,600,500,500,600,shorter,2024-12-08 14:33:31.081+00
147,26,6,LSN,500,400,540,500,500,600,shorter,2024-12-08 14:33:56.925+00
148,26,7,SLR,500,500,600,500,500,660,equal,2024-12-08 14:34:10.557+00
149,26,8,LSR,500,500,600,500,400,540,shorter,2024-12-08 14:34:26.324+00
150,26,9,LMN,500,400,600,500,500,600,longer,2024-12-08 14:34:37.849+00
151,26,10,SMR,500,500,600,500,500,600,equal,2024-12-08 14:34:48.808+00
152,26,11,SSN,500,500,540,500,500,600,shorter,2024-12-08 14:35:01.251+00
153,26,12,HLR,500,500,600,500,600,660,shorter,2024-12-08 14:35:13.134+00
154,26,13,LLN,500,400,660,500,500,600,longer,2024-12-08 14:35:27.233+00
155,26,14,LLR,500,500,600,500,400,660,shorter,2024-12-08 14:35:43.474+00
156,26,15,LMR,500,500,600,500,400,600,shorter,2024-12-08 14:35:57.485+00
157,26,16,HLN,500,600,660,500,500,600,longer,2024-12-08 14:36:07.303+00
158,26,17,HMR,500,500,600,500,600,600,shorter,2024-12-08 14:36:22.565+00
159,26,18,HSR,500,500,600,500,600,540,shorter,2024-12-08 14:36:32.919+00
160,29,1,LMR,500,500,600,500,400,600,shorter,2024-12-08 14:50:57.97+00
161,29,2,HLN,500,600,660,500,500,600,equal,2024-12-08 14:51:06.792+00
162,29,3,SSR,500,500,600,500,500,540,equal,2024-12-08 14:51:18.773+00
163,29,4,LSN,500,400,540,500,500,600,shorter,2024-12-08 14:51:28.369+00
164,30,1,LLN,500,400,660,500,500,600,equal,2024-12-08 15:10:21.996+00
165,30,2,SLN,500,500,660,500,500,600,equal,2024-12-08 15:10:30.196+00
166,32,1,LSN,500,400,540,500,500,600,shorter,2024-12-08 15:11:45.807+00
167,32,2,HSN,500,600,540,500,500,600,shorter,2024-12-08 15:11:54.262+00
168,32,3,HMN,500,600,600,500,500,600,shorter,2024-12-08 15:11:59.882+00
169,32,4,SMN,500,500,600,500,500,600,equal,2024-12-08 15:12:05.628+00
170,32,5,HSR,500,500,600,500,600,540,equal,2024-12-08 15:12:11.882+00
171,32,6,LLN,500,400,660,500,500,600,longer,2024-12-08 15:12:19.444+00
172,32,7,LSR,500,500,600,500,400,540,equal,2024-12-08 15:12:37.469+00
173,32,8,SSR,500,500,600,500,500,540,longer,2024-12-08 15:13:06.309+00
174,32,9,LLR,500,500,600,500,400,660,shorter,2024-12-08 15:13:32.692+00
175,32,10,LMN,500,400,600,500,500,600,equal,2024-12-08 15:13:43.451+00
176,32,11,SSN,500,500,540,500,500,600,shorter,2024-12-08 15:13:58.266+00
177,32,12,HLR,500,500,600,500,600,660,shorter,2024-12-08 15:14:18.048+00
178,32,13,HMR,500,500,600,500,600,600,equal,2024-12-08 15:14:23.909+00
179,32,14,SLR,500,500,600,500,500,660,shorter,2024-12-08 15:14:29.238+00
180,32,15,SLN,500,500,660,500,500,600,equal,2024-12-08 15:14:45.843+00
181,32,16,LMR,500,500,600,500,400,600,equal,2024-12-08 15:14:55.662+00
182,32,17,SMR,500,500,600,500,500,600,equal,2024-12-08 15:15:00.424+00
183,32,18,HLN,500,600,660,500,500,600,equal,2024-12-08 15:15:15.398+00
184,33,1,SLR,500,500,600,500,500,660,shorter,2024-12-08 15:18:40.498+00
185,33,2,LLN,500,400,660,500,500,600,equal,2024-12-08 15:19:12.581+00
186,33,3,SLN,500,500,660,500,500,600,equal,2024-12-08 15:19:24.313+00
187,33,4,HSN,500,600,540,500,500,600,equal,2024-12-08 15:19:38.598+00
188,33,5,LMN,500,400,600,500,500,600,equal,2024-12-08 15:19:49.806+00
189,33,6,SMR,500,500,600,500,500,600,equal,2024-12-08 15:20:09.942+00
190,33,7,HLR,500,500,600,500,600,660,shorter,2024-12-08 15:20:21.104+00
191,34,1,HMR,500,500,600,500,600,600,equal,2024-12-08 15:20:25.976+00
192,33,8,LSR,500,500,600,500,400,540,longer,2024-12-08 15:20:32.947+00
193,33,9,HMN,500,600,600,500,500,600,equal,2024-12-08 15:20:38.65+00
194,33,10,HLN,500,600,660,500,500,600,longer,2024-12-08 15:20:51.245+00
195,33,11,LMR,500,500,600,500,400,600,equal,2024-12-08 15:21:02.261+00
196,33,12,SMN,500,500,600,500,500,600,equal,2024-12-08 15:21:08.578+00
197,33,13,SSR,500,500,600,500,500,540,longer,2024-12-08 15:21:14.718+00
198,33,14,LSN,500,400,540,500,500,600,equal,2024-12-08 15:21:20.396+00
199,33,15,HMR,500,500,600,500,600,600,equal,2024-12-08 15:21:30.781+00
200,33,16,HSR,500,500,600,500,600,540,longer,2024-12-08 15:21:36.663+00
201,33,17,SSN,500,500,540,500,500,600,equal,2024-12-08 15:21:47.006+00
202,33,18,LLR,500,500,600,500,400,660,shorter,2024-12-08 15:21:53.703+00
203,37,1,SLN,500,500,660,500,500,600,longer,2024-12-08 15:47:01.163+00
204,37,2,LMR,500,500,600,500,400,600,equal,2024-12-08 15:47:12.011+00
205,37,3,HMR,500,500,600,500,600,600,equal,2024-12-08 15:47:22.326+00
206,38,1,LSN,500,400,540,500,500,600,longer,2024-12-08 15:53:12.12+00
207,38,2,SMR,500,500,600,500,500,600,equal,2024-12-08 15:53:24.887+00
208,39,1,LMN,500,400,600,500,500,600,equal,2024-12-08 15:53:45.28+00
209,39,2,HLN,500,600,660,500,500,600,longer,2024-12-08 15:53:55.583+00
210,39,3,HMR,500,500,600,500,600,600,equal,2024-12-08 15:54:03.99+00
211,39,4,HSN,500,600,540,500,500,600,equal,2024-12-08 15:54:17.446+00
212,39,5,SSN,500,500,540,500,500,600,equal,2024-12-08 15:54:37.68+00
213,39,6,HMN,500,600,600,500,500,600,equal,2024-12-08 15:55:01.348+00
214,39,7,SMN,500,500,600,500,500,600,equal,2024-12-08 15:55:09.784+00
215,39,8,HSR,500,500,600,500,600,540,longer,2024-12-08 15:55:18.873+00
216,39,9,HLR,500,500,600,500,600,660,equal,2024-12-08 15:55:25.934+00
217,39,10,SLR,500,500,600,500,500,660,longer,2024-12-08 15:55:34.091+00
218,39,11,SLN,500,500,660,500,500,600,longer,2024-12-08 15:55:41.849+00
219,39,12,LSN,500,400,540,500,500,600,equal,2024-12-08 15:55:48.753+00
220,39,13,LLN,500,400,660,500,500,600,equal,2024-12-08 15:55:56.318+00
221,39,14,SMR,500,500,600,500,500,600,equal,2024-12-08 15:56:07.817+00
222,39,15,SSR,500,500,600,500,500,540,equal,2024-12-08 15:56:15.697+00
223,39,16,LLR,500,500,600,500,400,660,shorter,2024-12-08 15:56:23.76+00
224,39,17,LSR,500,500,600,500,400,540,equal,2024-12-08 15:56:30.291+00
225,39,18,LMR,500,500,600,500,400,600,shorter,2024-12-08 15:56:36.553+00
226,40,1,HMR,500,500,600,500,600,600,equal,2024-12-08 16:02:14.562+00
227,40,2,HLR,500,500,600,500,600,660,equal,2024-12-08 16:02:37.36+00
228,40,3,SMN,500,500,600,500,500,600,equal,2024-12-08 16:02:54.814+00
229,40,4,HMN,500,600,600,500,500,600,equal,2024-12-08 16:03:06.526+00
230,40,5,SMR,500,500,600,500,500,600,equal,2024-12-08 16:03:19.002+00
231,40,6,LLN,500,400,660,500,500,600,equal,2024-12-08 16:04:02.768+00
232,40,7,LSR,500,500,600,500,400,540,equal,2024-12-08 16:04:22.649+00
233,42,1,SSR,500,500,600,500,500,540,equal,2024-12-08 16:04:45.465+00
234,42,2,SMN,500,500,600,500,500,600,equal,2024-12-08 16:05:10.924+00
235,42,3,LMN,500,400,600,500,500,600,equal,2024-12-08 16:05:17.772+00
236,43,1,HLN,500,600,660,500,500,600,equal,2024-12-08 16:05:22.767+00
237,42,4,LMR,500,500,600,500,400,600,equal,2024-12-08 16:05:24.94+00
238,43,2,SSR,500,500,600,500,500,540,equal,2024-12-08 16:05:33.064+00
239,40,8,HSN,500,600,540,500,500,600,shorter,2024-12-08 16:05:32.8+00
240,42,5,HMN,500,600,600,500,500,600,equal,2024-12-08 16:05:37.691+00
241,43,3,SMR,500,500,600,500,500,600,shorter,2024-12-08 16:05:41.768+00
242,40,9,SLN,500,500,660,500,500,600,longer,2024-12-08 16:05:45.523+00
243,42,6,SLN,500,500,660,500,500,600,longer,2024-12-08 16:05:48.775+00
244,43,4,LMN,500,400,600,500,500,600,equal,2024-12-08 16:05:51.024+00
245,40,10,LSN,500,400,540,500,500,600,shorter,2024-12-08 16:05:58.657+00
246,42,7,HMR,500,500,600,500,600,600,equal,2024-12-08 16:06:00.488+00
247,43,5,HLR,500,500,600,500,600,660,shorter,2024-12-08 16:06:03.728+00
248,40,11,SLR,500,500,600,500,500,660,shorter,2024-12-08 16:06:07.115+00
249,42,8,HLN,500,600,660,500,500,600,longer,2024-12-08 16:06:07.473+00
250,43,6,LLR,500,500,600,500,400,660,equal,2024-12-08 16:06:12.359+00
251,42,9,LSN,500,400,540,500,500,600,equal,2024-12-08 16:06:13.408+00
252,40,12,LMR,500,500,600,500,400,600,equal,2024-12-08 16:06:18.522+00
253,43,7,LMR,500,500,600,500,400,600,equal,2024-12-08 16:06:19.666+00
254,42,10,HLR,500,500,600,500,600,660,shorter,2024-12-08 16:06:19.626+00
255,42,11,SLR,500,500,600,500,500,660,shorter,2024-12-08 16:06:26.391+00
256,40,13,SSR,500,500,600,500,500,540,longer,2024-12-08 16:06:26.874+00
257,43,8,HSN,500,600,540,500,500,600,equal,2024-12-08 16:06:30.766+00
258,42,12,HSR,500,500,600,500,600,540,equal,2024-12-08 16:06:31.53+00
259,40,14,SSN,500,500,540,500,500,600,equal,2024-12-08 16:06:32.505+00
260,43,9,LSR,500,500,600,500,400,540,equal,2024-12-08 16:06:38.366+00
261,40,15,LMN,500,400,600,500,500,600,equal,2024-12-08 16:06:38.422+00
262,42,13,LLN,500,400,660,500,500,600,longer,2024-12-08 16:06:40.261+00
263,42,14,SMR,500,500,600,500,500,600,equal,2024-12-08 16:06:45.51+00
264,43,10,LSN,500,400,540,500,500,600,equal,2024-12-08 16:06:47.326+00
265,42,15,SSN,500,500,540,500,500,600,equal,2024-12-08 16:06:51.063+00
266,42,16,HSN,500,600,540,500,500,600,equal,2024-12-08 16:06:57.329+00
267,40,16,HLN,500,600,660,500,500,600,longer,2024-12-08 16:07:13.678+00
268,42,17,LLR,500,500,600,500,400,660,shorter,2024-12-08 16:07:14.381+00
269,42,18,LSR,500,500,600,500,400,540,equal,2024-12-08 16:07:20.181+00
270,40,17,LLR,500,500,600,500,400,660,equal,2024-12-08 16:07:21.093+00
271,40,18,HSR,500,500,600,500,600,540,longer,2024-12-08 16:07:28.786+00
272,44,1,LMN,500,400,600,500,500,600,shorter,2024-12-08 16:10:51.919+00
273,44,2,HSN,500,600,540,500,500,600,equal,2024-12-08 16:11:08.101+00
274,44,3,SSR,500,500,600,500,500,540,equal,2024-12-08 16:11:20.761+00
275,44,4,LLN,500,400,660,500,500,600,equal,2024-12-08 16:11:33.278+00
276,44,5,LLR,500,500,600,500,400,660,equal,2024-12-08 16:11:43.244+00
277,44,6,HSR,500,500,600,500,600,540,shorter,2024-12-08 16:11:55.192+00
278,44,7,SMR,500,500,600,500,500,600,equal,2024-12-08 16:12:03.05+00
279,44,8,SLR,500,500,600,500,500,660,shorter,2024-12-08 16:12:21.959+00
280,44,9,SMN,500,500,600,500,500,600,equal,2024-12-08 16:12:29.965+00
281,44,10,SLN,500,500,660,500,500,600,shorter,2024-12-08 16:12:39.611+00
282,44,11,LSR,500,500,600,500,400,540,shorter,2024-12-08 16:12:49.899+00
283,44,12,HMN,500,600,600,500,500,600,equal,2024-12-08 16:12:59.561+00
284,44,13,LSN,500,400,540,500,500,600,shorter,2024-12-08 16:13:08.79+00
285,44,14,HLN,500,600,660,500,500,600,equal,2024-12-08 16:13:22.864+00
286,44,15,HMR,500,500,600,500,600,600,equal,2024-12-08 16:13:31.042+00
287,44,16,HLR,500,500,600,500,600,660,shorter,2024-12-08 16:13:38.824+00
288,44,17,SSN,500,500,540,500,500,600,equal,2024-12-08 16:13:52.792+00
289,44,18,LMR,500,500,600,500,400,600,shorter,2024-12-08 16:14:01.941+00
290,45,1,LMN,500,400,600,500,500,600,shorter,2024-12-08 16:14:48.442+00
291,45,2,HLN,500,600,660,500,500,600,shorter,2024-12-08 16:14:57.935+00
292,45,3,LSN,500,400,540,500,500,600,shorter,2024-12-08 16:15:04.968+00
293,45,4,SSN,500,500,540,500,500,600,equal,2024-12-08 16:15:12.446+00
294,45,5,LSR,500,500,600,500,400,540,equal,2024-12-08 16:15:25.4+00
295,45,6,SSR,500,500,600,500,500,540,equal,2024-12-08 16:15:35.206+00
296,29,5,SSN,500,500,540,500,500,600,shorter,2024-12-08 16:15:36.66+00
297,29,6,SLR,500,500,600,500,500,660,shorter,2024-12-08 16:15:45.012+00
298,45,7,HMN,500,600,600,500,500,600,equal,2024-12-08 16:15:44.512+00
299,29,7,HMR,500,500,600,500,600,600,equal,2024-12-08 16:15:53.531+00
300,45,8,SLR,500,500,600,500,500,660,shorter,2024-12-08 16:15:54.492+00
301,29,8,LMN,500,400,600,500,500,600,shorter,2024-12-08 16:16:00.281+00
302,45,9,LLN,500,400,660,500,500,600,longer,2024-12-08 16:16:01.83+00
303,45,10,HLR,500,500,600,500,600,660,shorter,2024-12-08 16:16:09.554+00
304,45,11,LLR,500,500,600,500,400,660,equal,2024-12-08 16:16:19.041+00
305,45,12,HSR,500,500,600,500,600,540,shorter,2024-12-08 16:16:25.614+00
306,46,1,SLN,500,500,660,500,500,600,longer,2024-12-08 16:16:32.75+00
307,45,13,HMR,500,500,600,500,600,600,equal,2024-12-08 16:16:34.31+00
308,45,14,HSN,500,600,540,500,500,600,shorter,2024-12-08 16:16:41.343+00
309,45,15,SLN,500,500,660,500,500,600,shorter,2024-12-08 16:16:47.842+00
310,45,16,SMN,500,500,600,500,500,600,equal,2024-12-08 16:16:54.751+00
311,45,17,SMR,500,500,600,500,500,600,longer,2024-12-08 16:17:02.674+00
312,46,2,LSN,500,400,540,500,500,600,longer,2024-12-08 16:17:03.964+00
313,29,9,HLR,500,500,600,500,600,660,longer,2024-12-08 16:17:05.71+00
314,45,18,LMR,500,500,600,500,400,600,shorter,2024-12-08 16:17:09.721+00
315,29,10,HSN,500,600,540,500,500,600,shorter,2024-12-08 16:17:12.417+00
316,29,11,LLR,500,500,600,500,400,660,shorter,2024-12-08 16:17:19.345+00
317,29,12,LLN,500,400,660,500,500,600,equal,2024-12-08 16:17:27.181+00
318,29,13,HSR,500,500,600,500,600,540,equal,2024-12-08 16:17:34.661+00
319,29,14,LSR,500,500,600,500,400,540,equal,2024-12-08 16:18:06.686+00
320,29,15,SMR,500,500,600,500,500,600,shorter,2024-12-08 16:23:09.081+00
321,29,16,SLN,500,500,660,500,500,600,equal,2024-12-08 16:23:16.3+00
322,47,1,HMN,500,600,600,500,500,600,equal,2024-12-08 16:32:07.086+00
323,47,2,HLR,500,500,600,500,600,660,shorter,2024-12-08 16:32:14.434+00
324,47,3,LSR,500,500,600,500,400,540,longer,2024-12-08 16:32:27.936+00
325,47,4,LSN,500,400,540,500,500,600,equal,2024-12-08 16:32:36.368+00
326,47,5,HMR,500,500,600,500,600,600,longer,2024-12-08 16:32:46.036+00
327,47,6,SMR,500,500,600,500,500,600,shorter,2024-12-08 16:33:00.738+00
328,47,7,SLN,500,500,660,500,500,600,longer,2024-12-08 16:33:13.604+00
329,47,8,HSN,500,600,540,500,500,600,equal,2024-12-08 16:33:25.353+00
330,47,9,SMN,500,500,600,500,500,600,equal,2024-12-08 16:33:36.538+00
331,47,10,LMN,500,400,600,500,500,600,equal,2024-12-08 16:33:48.84+00
332,48,1,LSN,500,400,540,500,500,600,equal,2024-12-08 16:34:03.202+00
333,47,11,SSN,500,500,540,500,500,600,shorter,2024-12-08 16:34:03.873+00
334,47,12,HLN,500,600,660,500,500,600,longer,2024-12-08 16:34:15.256+00
335,47,13,SSR,500,500,600,500,500,540,equal,2024-12-08 16:34:21.724+00
336,47,14,LMR,500,500,600,500,400,600,shorter,2024-12-08 16:34:29.441+00
337,47,15,SLR,500,500,600,500,500,660,shorter,2024-12-08 16:34:38.157+00
338,48,2,HSR,500,500,600,500,600,540,longer,2024-12-08 16:34:48.009+00
339,47,16,HSR,500,500,600,500,600,540,longer,2024-12-08 16:34:50.525+00
340,47,17,LLN,500,400,660,500,500,600,longer,2024-12-08 16:34:59.541+00
341,47,18,LLR,500,500,600,500,400,660,shorter,2024-12-08 16:35:11.526+00
342,49,1,SMR,500,500,600,500,500,600,equal,2024-12-08 16:53:16.104+00
343,49,2,LSR,500,500,600,500,400,540,equal,2024-12-08 16:53:30.168+00
344,49,3,HMN,500,600,600,500,500,600,equal,2024-12-08 16:53:51.853+00
345,49,4,LMR,500,500,600,500,400,600,equal,2024-12-08 16:54:00.048+00
346,50,1,HSR,500,500,600,500,600,540,equal,2024-12-08 17:00:49.372+00
347,50,2,SMR,500,500,600,500,500,600,equal,2024-12-08 17:00:56.514+00
348,50,3,LLN,500,400,660,500,500,600,equal,2024-12-08 17:01:03.296+00
349,50,4,LSN,500,400,540,500,500,600,equal,2024-12-08 17:01:30.639+00
350,50,5,HLN,500,600,660,500,500,600,longer,2024-12-08 17:01:45.362+00
351,50,6,SLR,500,500,600,500,500,660,shorter,2024-12-08 17:02:00.027+00
352,50,7,HMR,500,500,600,500,600,600,shorter,2024-12-08 17:02:12.217+00
353,50,8,SMN,500,500,600,500,500,600,equal,2024-12-08 17:02:22.401+00
354,50,9,LMN,500,400,600,500,500,600,equal,2024-12-08 17:02:33.159+00
355,50,10,SLN,500,500,660,500,500,600,equal,2024-12-08 17:02:43.276+00
356,50,11,SSR,500,500,600,500,500,540,equal,2024-12-08 17:02:49.268+00
357,50,12,SSN,500,500,540,500,500,600,shorter,2024-12-08 17:03:00.076+00
358,50,13,HSN,500,600,540,500,500,600,equal,2024-12-08 17:03:05.935+00
359,50,14,HMN,500,600,600,500,500,600,equal,2024-12-08 17:03:11.156+00
360,50,15,LLR,500,500,600,500,400,660,shorter,2024-12-08 17:03:16.981+00
361,50,16,LMR,500,500,600,500,400,600,equal,2024-12-08 17:03:22.75+00
362,50,17,HLR,500,500,600,500,600,660,equal,2024-12-08 17:03:33.786+00
363,50,18,LSR,500,500,600,500,400,540,equal,2024-12-08 17:03:44.406+00
364,51,1,LLR,500,500,600,500,400,660,shorter,2024-12-08 17:04:01.638+00
365,51,2,SLR,500,500,600,500,500,660,shorter,2024-12-08 17:04:09.814+00
366,51,3,SLN,500,500,660,500,500,600,longer,2024-12-08 17:04:21.837+00
367,51,4,HLR,500,500,600,500,600,660,shorter,2024-12-08 17:04:32.902+00
368,51,5,LMN,500,400,600,500,500,600,longer,2024-12-08 17:04:51.118+00
369,51,6,HSN,500,600,540,500,500,600,equal,2024-12-08 17:05:06.982+00
370,29,17,HMN,500,600,600,500,500,600,equal,2024-12-08 17:05:16.75+00
371,29,18,SMN,500,500,600,500,500,600,equal,2024-12-08 17:05:24.365+00
372,51,7,HMN,500,600,600,500,500,600,equal,2024-12-08 17:05:26.12+00
373,51,8,LMR,500,500,600,500,400,600,longer,2024-12-08 17:05:38.544+00
374,51,9,LSN,500,400,540,500,500,600,equal,2024-12-08 17:06:46.692+00
375,51,10,HLN,500,600,660,500,500,600,equal,2024-12-08 17:06:57.405+00
376,51,11,SSN,500,500,540,500,500,600,equal,2024-12-08 17:07:05.415+00
377,51,12,SSR,500,500,600,500,500,540,shorter,2024-12-08 17:07:13.871+00
378,51,13,SMR,500,500,600,500,500,600,shorter,2024-12-08 17:07:26.518+00
379,51,14,LSR,500,500,600,500,400,540,longer,2024-12-08 17:07:51.904+00
380,51,15,SMN,500,500,600,500,500,600,equal,2024-12-08 17:08:01.679+00
381,51,16,HSR,500,500,600,500,600,540,equal,2024-12-08 17:08:09.988+00
382,51,17,HMR,500,500,600,500,600,600,longer,2024-12-08 17:08:23.323+00
383,51,18,LLN,500,400,660,500,500,600,equal,2024-12-08 17:08:41.695+00
384,52,1,HLN,500,600,660,500,500,600,equal,2024-12-08 17:12:16.3+00
385,53,1,SMN,500,500,600,500,500,600,shorter,2024-12-08 17:13:55.891+00
386,53,2,LSN,500,400,540,500,500,600,shorter,2024-12-08 17:14:03.803+00
387,53,3,HMN,500,600,600,500,500,600,shorter,2024-12-08 17:14:13.69+00
388,53,4,SLN,500,500,660,500,500,600,longer,2024-12-08 17:14:24.669+00
389,53,5,LLN,500,400,660,500,500,600,longer,2024-12-08 17:14:30.81+00
390,53,6,HSN,500,600,540,500,500,600,shorter,2024-12-08 17:14:54.679+00
391,53,7,SSR,500,500,600,500,500,540,longer,2024-12-08 17:15:01.563+00
392,53,8,HMR,500,500,600,500,600,600,equal,2024-12-08 17:15:16.343+00
393,53,9,LMR,500,500,600,500,400,600,equal,2024-12-08 17:15:22.034+00
394,53,10,LSR,500,500,600,500,400,540,longer,2024-12-08 17:15:54.596+00
395,53,11,SSN,500,500,540,500,500,600,shorter,2024-12-08 17:16:05.227+00
396,53,12,SMR,500,500,600,500,500,600,equal,2024-12-08 17:16:15.659+00
397,53,13,LLR,500,500,600,500,400,660,shorter,2024-12-08 17:16:26.084+00
398,53,14,HSR,500,500,600,500,600,540,longer,2024-12-08 17:16:32.495+00
399,53,15,SLR,500,500,600,500,500,660,shorter,2024-12-08 17:16:44.784+00
400,53,16,HLN,500,600,660,500,500,600,longer,2024-12-08 17:16:57.335+00
401,53,17,HLR,500,500,600,500,600,660,shorter,2024-12-08 17:17:07.484+00
402,53,18,LMN,500,400,600,500,500,600,equal,2024-12-08 17:17:25.638+00
403,52,2,LSR,500,500,600,500,400,540,equal,2024-12-08 17:19:45.606+00
404,52,3,LMR,500,500,600,500,400,600,equal,2024-12-08 17:20:04.462+00
405,54,1,HMN,500,600,600,500,500,600,equal,2024-12-08 17:54:41.201+00
406,54,2,HLN,500,600,660,500,500,600,longer,2024-12-08 17:54:59.749+00
407,54,3,SMN,500,500,600,500,500,600,equal,2024-12-08 17:55:12.068+00
408,54,4,LLN,500,400,660,500,500,600,equal,2024-12-08 17:55:27.096+00
409,56,1,LMR,500,500,600,500,400,600,equal,2024-12-08 18:00:38.079+00
410,56,2,HSR,500,500,600,500,600,540,longer,2024-12-08 18:00:47.085+00
411,56,3,SSR,500,500,600,500,500,540,longer,2024-12-08 18:00:59.268+00
412,56,4,SLN,500,500,660,500,500,600,longer,2024-12-08 18:01:08.441+00
413,56,5,LSR,500,500,600,500,400,540,longer,2024-12-08 18:01:23.876+00
414,56,6,HMR,500,500,600,500,600,600,equal,2024-12-08 18:01:34.724+00
415,56,7,HSN,500,600,540,500,500,600,shorter,2024-12-08 18:01:42.723+00
416,56,8,HMN,500,600,600,500,500,600,equal,2024-12-08 18:01:48.75+00
417,56,9,HLR,500,500,600,500,600,660,shorter,2024-12-08 18:01:55.97+00
418,56,10,LSN,500,400,540,500,500,600,shorter,2024-12-08 18:02:02.233+00
419,56,11,LLR,500,500,600,500,400,660,shorter,2024-12-08 18:02:08.803+00
420,56,12,HLN,500,600,660,500,500,600,longer,2024-12-08 18:02:14.503+00
421,56,13,LLN,500,400,660,500,500,600,longer,2024-12-08 18:02:27.525+00
422,56,14,LMN,500,400,600,500,500,600,equal,2024-12-08 18:02:33.382+00
423,56,15,SMR,500,500,600,500,500,600,equal,2024-12-08 18:02:46.451+00
424,56,16,SMN,500,500,600,500,500,600,equal,2024-12-08 18:02:59.96+00
425,56,17,SLR,500,500,600,500,500,660,shorter,2024-12-08 18:03:06.506+00
426,56,18,SSN,500,500,540,500,500,600,shorter,2024-12-08 18:03:20.404+00
427,57,1,LSR,500,500,600,500,400,540,equal,2024-12-08 18:20:31.684+00
428,57,2,HSR,500,500,600,500,600,540,longer,2024-12-08 18:20:39.756+00
429,57,3,HSN,500,600,540,500,500,600,shorter,2024-12-08 18:20:53.313+00
430,57,4,LLR,500,500,600,500,400,660,shorter,2024-12-08 18:21:02.342+00
431,57,5,HLR,500,500,600,500,600,660,shorter,2024-12-08 18:21:09.354+00
432,57,6,SMR,500,500,600,500,500,600,equal,2024-12-08 18:21:16.374+00
433,57,7,LSN,500,400,540,500,500,600,equal,2024-12-08 18:21:22.779+00
434,57,8,SLR,500,500,600,500,500,660,shorter,2024-12-08 18:21:30.238+00
435,57,9,SSN,500,500,540,500,500,600,equal,2024-12-08 18:21:41.507+00
436,57,10,LMR,500,500,600,500,400,600,equal,2024-12-08 18:21:49.371+00
437,57,11,LLN,500,400,660,500,500,600,longer,2024-12-08 18:21:58.039+00
438,57,12,SMN,500,500,600,500,500,600,equal,2024-12-08 18:22:03.996+00
439,57,13,SLN,500,500,660,500,500,600,longer,2024-12-08 18:22:18.104+00
440,57,14,SSR,500,500,600,500,500,540,equal,2024-12-08 18:22:24.686+00
441,57,15,HMR,500,500,600,500,600,600,equal,2024-12-08 18:22:30.992+00
442,57,16,HLN,500,600,660,500,500,600,longer,2024-12-08 18:22:48.75+00
443,57,17,HMN,500,600,600,500,500,600,equal,2024-12-08 18:22:55.4+00
444,57,18,LMN,500,400,600,500,500,600,equal,2024-12-08 18:23:06.55+00
445,58,1,HSR,500,500,600,500,600,540,equal,2024-12-08 18:32:11.144+00
446,58,2,LSR,500,500,600,500,400,540,equal,2024-12-08 18:32:21.561+00
447,58,3,LSN,500,400,540,500,500,600,equal,2024-12-08 18:32:45.061+00
448,58,4,LMR,500,500,600,500,400,600,equal,2024-12-08 18:32:58.278+00
449,58,5,HLN,500,600,660,500,500,600,longer,2024-12-08 18:33:30.529+00
450,59,1,SMN,500,500,600,500,500,600,equal,2024-12-08 18:34:49.845+00
451,61,1,LLN,500,400,660,500,500,600,longer,2024-12-08 18:55:59.512+00
452,61,2,LSR,500,500,600,500,400,540,longer,2024-12-08 18:56:07.136+00
453,61,3,HSN,500,600,540,500,500,600,equal,2024-12-08 18:56:13.307+00
454,61,4,LSN,500,400,540,500,500,600,equal,2024-12-08 18:56:20.347+00
455,61,5,SLN,500,500,660,500,500,600,equal,2024-12-08 18:56:27.422+00
456,61,6,LMR,500,500,600,500,400,600,equal,2024-12-08 18:56:33.401+00
457,61,7,SSR,500,500,600,500,500,540,longer,2024-12-08 18:56:40.081+00
458,61,8,HSR,500,500,600,500,600,540,longer,2024-12-08 18:56:51.69+00
459,61,9,HLN,500,600,660,500,500,600,longer,2024-12-08 18:56:59.361+00
460,61,10,LLR,500,500,600,500,400,660,shorter,2024-12-08 18:57:05.869+00
461,61,11,HLR,500,500,600,500,600,660,equal,2024-12-08 18:57:11.624+00
462,61,12,HMR,500,500,600,500,600,600,equal,2024-12-08 18:57:18.434+00
463,61,13,SLR,500,500,600,500,500,660,equal,2024-12-08 18:57:25.105+00
464,61,14,SMR,500,500,600,500,500,600,equal,2024-12-08 18:57:31.932+00
465,61,15,SMN,500,500,600,500,500,600,equal,2024-12-08 18:57:38.351+00
466,61,16,LMN,500,400,600,500,500,600,equal,2024-12-08 18:57:44.487+00
467,61,17,HMN,500,600,600,500,500,600,equal,2024-12-08 18:57:51.158+00
468,61,18,SSN,500,500,540,500,500,600,shorter,2024-12-08 18:57:57.625+00
469,62,1,SSR,500,500,600,500,500,540,longer,2024-12-08 18:59:30.885+00
470,62,2,LLR,500,500,600,500,400,660,shorter,2024-12-08 18:59:43.747+00
471,62,3,SLR,500,500,600,500,500,660,longer,2024-12-08 19:00:07.09+00
472,62,4,SMR,500,500,600,500,500,600,longer,2024-12-08 19:00:18.263+00
473,63,1,LMN,500,400,600,500,500,600,equal,2024-12-08 19:03:55.991+00
474,63,2,SSN,500,500,540,500,500,600,equal,2024-12-08 19:04:01.261+00
475,63,3,HLR,500,500,600,500,600,660,equal,2024-12-08 19:04:07.416+00
476,63,4,HMR,500,500,600,500,600,600,equal,2024-12-08 19:04:12.519+00
477,63,5,SSR,500,500,600,500,500,540,longer,2024-12-08 19:04:18.012+00
478,63,6,SLR,500,500,600,500,500,660,equal,2024-12-08 19:04:23.567+00
479,63,7,SMN,500,500,600,500,500,600,equal,2024-12-08 19:04:28.681+00
480,63,8,LLN,500,400,660,500,500,600,shorter,2024-12-08 19:04:34.273+00
481,63,9,HSR,500,500,600,500,600,540,equal,2024-12-08 19:04:38.892+00
482,63,10,HMN,500,600,600,500,500,600,equal,2024-12-08 19:04:43.924+00
483,63,11,LLR,500,500,600,500,400,660,longer,2024-12-08 19:04:49.326+00
484,63,12,SLN,500,500,660,500,500,600,equal,2024-12-08 19:04:54.508+00
485,63,13,HLN,500,600,660,500,500,600,shorter,2024-12-08 19:05:00.606+00
486,63,14,HSN,500,600,540,500,500,600,equal,2024-12-08 19:05:06.435+00
487,63,15,LMR,500,500,600,500,400,600,longer,2024-12-08 19:05:12.039+00
488,63,16,SMR,500,500,600,500,500,600,equal,2024-12-08 19:05:16.297+00
489,63,17,LSR,500,500,600,500,400,540,longer,2024-12-08 19:05:24.303+00
490,63,18,LSN,500,400,540,500,500,600,shorter,2024-12-08 19:05:29.527+00
491,64,1,LLR,500,500,600,500,400,660,equal,2024-12-08 19:07:29.173+00
492,64,2,HMR,500,500,600,500,600,600,equal,2024-12-08 19:07:47.307+00
493,64,3,LLN,500,400,660,500,500,600,longer,2024-12-08 19:08:04.157+00
494,64,4,SLR,500,500,600,500,500,660,shorter,2024-12-08 19:08:20.34+00
495,64,5,LMR,500,500,600,500,400,600,equal,2024-12-08 19:08:37.49+00
496,64,6,LSN,500,400,540,500,500,600,shorter,2024-12-08 19:08:53.373+00
497,64,7,LMN,500,400,600,500,500,600,equal,2024-12-08 19:09:05.057+00
498,64,8,HSN,500,600,540,500,500,600,shorter,2024-12-08 19:09:17.99+00
499,64,9,SSR,500,500,600,500,500,540,longer,2024-12-08 19:09:33.607+00
500,64,10,HSR,500,500,600,500,600,540,equal,2024-12-08 19:09:56.192+00
501,64,11,SLN,500,500,660,500,500,600,longer,2024-12-08 19:10:17.641+00
502,64,12,SMN,500,500,600,500,500,600,equal,2024-12-08 19:10:33.789+00
503,64,13,SMR,500,500,600,500,500,600,equal,2024-12-08 19:11:11.041+00
504,64,14,HLR,500,500,600,500,600,660,shorter,2024-12-08 19:11:25.374+00
505,64,15,LSR,500,500,600,500,400,540,longer,2024-12-08 19:11:44.441+00
506,64,16,SSN,500,500,540,500,500,600,equal,2024-12-08 19:12:15.358+00
507,64,17,HMN,500,600,600,500,500,600,longer,2024-12-08 19:12:26.273+00
508,64,18,HLN,500,600,660,500,500,600,longer,2024-12-08 19:12:39.357+00
509,65,1,LLN,500,400,660,500,500,600,longer,2024-12-08 19:15:49.378+00
510,65,2,SSR,500,500,600,500,500,540,longer,2024-12-08 19:15:56.427+00
511,65,3,HMR,500,500,600,500,600,600,equal,2024-12-08 19:16:01.678+00
512,65,4,SMN,500,500,600,500,500,600,equal,2024-12-08 19:16:10.096+00
513,66,1,SSN,500,500,540,500,500,600,equal,2024-12-08 19:28:38.868+00
514,66,2,LLR,500,500,600,500,400,660,equal,2024-12-08 19:29:11.115+00
515,66,3,LMR,500,500,600,500,400,600,equal,2024-12-08 19:29:21.124+00
516,66,4,HMN,500,600,600,500,500,600,equal,2024-12-08 19:29:28.901+00
517,66,5,LSR,500,500,600,500,400,540,longer,2024-12-08 19:29:42.059+00
518,66,6,SSR,500,500,600,500,500,540,equal,2024-12-08 19:29:51.359+00
519,66,7,HSR,500,500,600,500,600,540,equal,2024-12-08 19:29:59.474+00
520,66,8,SMR,500,500,600,500,500,600,equal,2024-12-08 19:30:07.143+00
521,66,9,LMN,500,400,600,500,500,600,equal,2024-12-08 19:30:14.757+00
522,66,10,SMN,500,500,600,500,500,600,equal,2024-12-08 19:30:22.249+00
523,66,11,SLR,500,500,600,500,500,660,longer,2024-12-08 19:30:34.889+00
524,66,12,SLN,500,500,660,500,500,600,equal,2024-12-08 19:30:45.91+00
525,66,13,HMR,500,500,600,500,600,600,equal,2024-12-08 19:30:54.304+00
526,66,14,LSN,500,400,540,500,500,600,equal,2024-12-08 19:31:01.01+00
527,66,15,HSN,500,600,540,500,500,600,equal,2024-12-08 19:31:12.459+00
528,66,16,HLN,500,600,660,500,500,600,equal,2024-12-08 19:31:20.907+00
529,66,17,HLR,500,500,600,500,600,660,equal,2024-12-08 19:31:28.517+00
530,66,18,LLN,500,400,660,500,500,600,equal,2024-12-08 19:31:41.529+00
531,67,1,SMR,500,500,600,500,500,600,equal,2024-12-08 19:35:13.326+00
532,67,2,HMR,500,500,600,500,600,600,equal,2024-12-08 19:35:24.169+00
533,67,3,HLN,500,600,660,500,500,600,equal,2024-12-08 19:35:35.507+00
534,67,4,HMN,500,600,600,500,500,600,equal,2024-12-08 19:36:11.771+00
535,68,1,HSR,500,500,600,500,600,540,equal,2024-12-08 20:01:25.149+00
536,68,2,LLR,500,500,600,500,400,660,shorter,2024-12-08 20:01:47.101+00
537,68,3,SLN,500,500,660,500,500,600,equal,2024-12-08 20:01:58.399+00
538,68,4,HLR,500,500,600,500,600,660,shorter,2024-12-08 20:02:04.972+00
539,68,5,LMN,500,400,600,500,500,600,longer,2024-12-08 20:02:14.609+00
540,68,6,LLN,500,400,660,500,500,600,longer,2024-12-08 20:02:27.813+00
541,68,7,HSN,500,600,540,500,500,600,equal,2024-12-08 20:02:37.612+00
542,68,8,SSR,500,500,600,500,500,540,longer,2024-12-08 20:02:54.565+00
543,68,9,LSR,500,500,600,500,400,540,equal,2024-12-08 20:03:41.105+00
544,68,10,HMN,500,600,600,500,500,600,equal,2024-12-08 20:03:51.245+00
545,68,11,HMR,500,500,600,500,600,600,equal,2024-12-08 20:04:00.965+00
546,68,12,SMR,500,500,600,500,500,600,equal,2024-12-08 20:04:10.399+00
547,68,13,LSN,500,400,540,500,500,600,shorter,2024-12-08 20:04:21.592+00
548,68,14,SMN,500,500,600,500,500,600,equal,2024-12-08 20:04:26.735+00
549,68,15,SLR,500,500,600,500,500,660,shorter,2024-12-08 20:04:36.269+00
550,68,16,SSN,500,500,540,500,500,600,equal,2024-12-08 20:04:41.509+00
551,68,17,LMR,500,500,600,500,400,600,equal,2024-12-08 20:04:50.983+00
552,68,18,HLN,500,600,660,500,500,600,longer,2024-12-08 20:04:58.834+00
553,58,6,HMR,500,500,600,500,600,600,equal,2024-12-08 20:06:05.057+00
554,58,7,LLR,500,500,600,500,400,660,equal,2024-12-08 20:06:21.09+00
555,58,8,SSR,500,500,600,500,500,540,equal,2024-12-08 20:06:28.04+00
556,58,9,SMN,500,500,600,500,500,600,equal,2024-12-08 20:06:40.207+00
557,69,1,LLR,500,500,600,500,400,660,equal,2024-12-08 20:06:42.824+00
558,58,10,SLN,500,500,660,500,500,600,equal,2024-12-08 20:06:47.424+00
559,69,2,SSN,500,500,540,500,500,600,equal,2024-12-08 20:06:57.531+00
560,58,11,SMR,500,500,600,500,500,600,equal,2024-12-08 20:07:01.008+00
561,69,3,LSN,500,400,540,500,500,600,equal,2024-12-08 20:07:09.376+00
562,69,4,HLR,500,500,600,500,600,660,equal,2024-12-08 20:07:18.381+00
563,58,12,SLR,500,500,600,500,500,660,equal,2024-12-08 20:07:27.558+00
564,69,5,LSR,500,500,600,500,400,540,equal,2024-12-08 20:07:29.791+00
565,69,6,LMR,500,500,600,500,400,600,equal,2024-12-08 20:07:42.488+00
566,58,13,HSN,500,600,540,500,500,600,equal,2024-12-08 20:07:47.625+00
567,69,7,SLR,500,500,600,500,500,660,equal,2024-12-08 20:07:58.709+00
568,58,14,LMN,500,400,600,500,500,600,equal,2024-12-08 20:07:59.892+00
569,58,15,HMN,500,600,600,500,500,600,equal,2024-12-08 20:08:08.209+00
570,69,8,LMN,500,400,600,500,500,600,equal,2024-12-08 20:08:14.302+00
571,58,16,HLR,500,500,600,500,600,660,equal,2024-12-08 20:08:21.009+00
572,69,9,HSR,500,500,600,500,600,540,equal,2024-12-08 20:08:22.874+00
573,69,10,HMN,500,600,600,500,500,600,equal,2024-12-08 20:08:31.966+00
574,58,17,LLN,500,400,660,500,500,600,equal,2024-12-08 20:08:35.693+00
575,69,11,SMR,500,500,600,500,500,600,equal,2024-12-08 20:08:39.039+00
576,69,12,SLN,500,500,660,500,500,600,equal,2024-12-08 20:08:45.951+00
577,58,18,SSN,500,500,540,500,500,600,equal,2024-12-08 20:08:48.01+00
578,69,13,SSR,500,500,600,500,500,540,equal,2024-12-08 20:08:52.368+00
579,69,14,HSN,500,600,540,500,500,600,equal,2024-12-08 20:08:58.92+00
580,69,15,SMN,500,500,600,500,500,600,equal,2024-12-08 20:09:06.118+00
581,69,16,LLN,500,400,660,500,500,600,longer,2024-12-08 20:09:16.293+00
582,69,17,HMR,500,500,600,500,600,600,equal,2024-12-08 20:09:22.816+00
583,69,18,HLN,500,600,660,500,500,600,equal,2024-12-08 20:09:29.482+00
584,71,1,HLR,500,500,600,500,600,660,shorter,2024-12-08 20:10:13.298+00
585,72,1,LMR,500,500,600,500,400,600,shorter,2024-12-08 20:11:21.488+00
586,71,2,LLR,500,500,600,500,400,660,shorter,2024-12-08 20:11:24.048+00
587,71,3,LSN,500,400,540,500,500,600,equal,2024-12-08 20:11:48.664+00
588,71,4,SLR,500,500,600,500,500,660,shorter,2024-12-08 20:12:08.324+00
589,72,2,HSR,500,500,600,500,600,540,shorter,2024-12-08 20:12:15.5+00
590,71,5,SMN,500,500,600,500,500,600,equal,2024-12-08 20:12:24.966+00
591,72,3,SMN,500,500,600,500,500,600,equal,2024-12-08 20:12:27.013+00
592,72,4,LLN,500,400,660,500,500,600,longer,2024-12-08 20:12:38.906+00
593,72,5,LMN,500,400,600,500,500,600,shorter,2024-12-08 20:12:46.657+00
594,71,6,SLN,500,500,660,500,500,600,longer,2024-12-08 20:12:48.606+00
595,72,6,SLR,500,500,600,500,500,660,shorter,2024-12-08 20:12:53.465+00
596,72,7,SSN,500,500,540,500,500,600,equal,2024-12-08 20:13:00.147+00
597,72,8,LSN,500,400,540,500,500,600,shorter,2024-12-08 20:13:06.543+00
598,71,7,SSR,500,500,600,500,500,540,equal,2024-12-08 20:13:11.506+00
599,72,9,SMR,500,500,600,500,500,600,shorter,2024-12-08 20:13:13.766+00
600,72,10,LSR,500,500,600,500,400,540,shorter,2024-12-08 20:13:26.097+00
601,72,11,HLN,500,600,660,500,500,600,longer,2024-12-08 20:13:37.886+00
602,72,12,LLR,500,500,600,500,400,660,shorter,2024-12-08 20:13:46.311+00
603,71,8,HSN,500,600,540,500,500,600,equal,2024-12-08 20:13:46.852+00
604,72,13,HLR,500,500,600,500,600,660,shorter,2024-12-08 20:13:52.85+00
605,71,9,HSR,500,500,600,500,600,540,equal,2024-12-08 20:14:01.25+00
606,72,14,HMR,500,500,600,500,600,600,equal,2024-12-08 20:14:04.133+00
607,72,15,SLN,500,500,660,500,500,600,equal,2024-12-08 20:14:11.023+00
608,72,16,SSR,500,500,600,500,500,540,equal,2024-12-08 20:14:17.138+00
609,72,17,HMN,500,600,600,500,500,600,shorter,2024-12-08 20:14:29.673+00
610,72,18,HSN,500,600,540,500,500,600,shorter,2024-12-08 20:14:35.46+00
611,71,10,LMN,500,400,600,500,500,600,equal,2024-12-08 20:14:38.482+00
612,74,1,SSN,500,500,540,500,500,600,equal,2024-12-08 20:14:56.023+00
613,71,11,LLN,500,400,660,500,500,600,longer,2024-12-08 20:15:01.477+00
614,74,2,SMN,500,500,600,500,500,600,equal,2024-12-08 20:15:19.965+00
615,71,12,LMR,500,500,600,500,400,600,equal,2024-12-08 20:15:23.108+00
616,71,13,LSR,500,500,600,500,400,540,longer,2024-12-08 20:15:50.023+00
617,71,14,HMR,500,500,600,500,600,600,equal,2024-12-08 20:16:00.818+00
618,74,3,HLR,500,500,600,500,600,660,shorter,2024-12-08 20:16:03.297+00
619,74,4,LSR,500,500,600,500,400,540,equal,2024-12-08 20:16:37.109+00
620,71,15,HMN,500,600,600,500,500,600,shorter,2024-12-08 20:16:44.322+00
621,71,16,SMR,500,500,600,500,500,600,equal,2024-12-08 20:16:53.264+00
622,74,5,HMN,500,600,600,500,500,600,equal,2024-12-08 20:17:00.026+00
623,71,17,SSN,500,500,540,500,500,600,equal,2024-12-08 20:17:27.343+00
624,75,1,HMR,500,500,600,500,600,600,equal,2024-12-08 20:17:36.462+00
625,71,18,HLN,500,600,660,500,500,600,longer,2024-12-08 20:17:38.318+00
626,74,6,SSR,500,500,600,500,500,540,longer,2024-12-08 20:17:50.022+00
627,75,2,LLR,500,500,600,500,400,660,longer,2024-12-08 20:18:00.727+00
628,75,3,SMR,500,500,600,500,500,600,equal,2024-12-08 20:18:09.365+00
629,75,4,SLR,500,500,600,500,500,660,shorter,2024-12-08 20:18:35.079+00
630,74,7,LMR,500,500,600,500,400,600,equal,2024-12-08 20:18:32.701+00
631,75,5,HLR,500,500,600,500,600,660,shorter,2024-12-08 20:19:06.912+00
632,75,6,LSR,500,500,600,500,400,540,longer,2024-12-08 20:19:16.095+00
633,74,8,HSR,500,500,600,500,600,540,equal,2024-12-08 20:19:19.538+00
634,74,9,LMN,500,400,600,500,500,600,equal,2024-12-08 20:19:33.605+00
635,74,10,HSN,500,600,540,500,500,600,equal,2024-12-08 20:20:13.943+00
636,74,11,LLR,500,500,600,500,400,660,shorter,2024-12-08 20:20:35.651+00
637,75,7,SSR,500,500,600,500,500,540,longer,2024-12-08 20:21:13.024+00
638,75,8,HSN,500,600,540,500,500,600,shorter,2024-12-08 20:22:02.746+00
639,75,9,LSN,500,400,540,500,500,600,equal,2024-12-08 20:22:24.486+00
640,75,10,SLN,500,500,660,500,500,600,longer,2024-12-08 20:22:51.388+00
641,75,11,HSR,500,500,600,500,600,540,equal,2024-12-08 20:22:58.59+00
642,74,12,HMR,500,500,600,500,600,600,equal,2024-12-08 20:23:56.427+00
643,74,13,SLR,500,500,600,500,500,660,shorter,2024-12-08 20:24:24.769+00
644,74,14,SLN,500,500,660,500,500,600,longer,2024-12-08 20:24:47.977+00
645,74,15,SMR,500,500,600,500,500,600,equal,2024-12-08 20:25:04.475+00
646,74,16,LSN,500,400,540,500,500,600,equal,2024-12-08 20:25:27.652+00
647,75,12,HMN,500,600,600,500,500,600,shorter,2024-12-08 20:25:34.265+00
648,75,13,HLN,500,600,660,500,500,600,longer,2024-12-08 20:25:47.407+00
649,74,17,HLN,500,600,660,500,500,600,longer,2024-12-08 20:26:20.171+00
650,75,14,SSN,500,500,540,500,500,600,longer,2024-12-08 20:26:35.048+00
651,75,15,LLN,500,400,660,500,500,600,shorter,2024-12-08 20:26:51.163+00
652,74,18,LLN,500,400,660,500,500,600,longer,2024-12-08 20:26:53.969+00
653,75,16,LMR,500,500,600,500,400,600,equal,2024-12-08 20:27:31.197+00
654,75,17,SMN,500,500,600,500,500,600,longer,2024-12-08 20:27:56.66+00
655,75,18,LMN,500,400,600,500,500,600,longer,2024-12-08 20:28:18.688+00
656,76,1,SMR,500,500,600,500,500,600,shorter,2024-12-08 20:29:10.02+00
657,76,2,LMN,500,400,600,500,500,600,equal,2024-12-08 20:29:22.247+00
658,76,3,LSN,500,400,540,500,500,600,equal,2024-12-08 20:29:29.844+00
659,78,1,SLR,500,500,600,500,500,660,shorter,2024-12-08 20:31:22.494+00
660,78,2,HLN,500,600,660,500,500,600,longer,2024-12-08 20:32:20.362+00
661,78,3,HLR,500,500,600,500,600,660,shorter,2024-12-08 20:32:36.022+00
662,79,1,LSN,500,400,540,500,500,600,equal,2024-12-08 21:15:09.762+00
663,79,2,HLN,500,600,660,500,500,600,longer,2024-12-08 21:15:20.425+00
664,79,3,SSR,500,500,600,500,500,540,equal,2024-12-08 21:15:29.265+00
665,79,4,SMN,500,500,600,500,500,600,equal,2024-12-08 21:16:02.292+00
666,80,1,HMR,500,500,600,500,600,600,equal,2024-12-08 21:45:53.435+00
667,80,2,LMR,500,500,600,500,400,600,equal,2024-12-08 21:46:01.583+00
668,80,3,SLN,500,500,660,500,500,600,equal,2024-12-08 21:46:08.038+00
669,80,4,LSN,500,400,540,500,500,600,equal,2024-12-08 21:46:15.508+00
670,80,5,LMN,500,400,600,500,500,600,equal,2024-12-08 21:46:22.205+00
671,80,6,SMN,500,500,600,500,500,600,equal,2024-12-08 21:46:28.4+00
672,80,7,SMR,500,500,600,500,500,600,equal,2024-12-08 21:46:34.494+00
673,80,8,SSN,500,500,540,500,500,600,equal,2024-12-08 21:46:40.807+00
674,80,9,HSR,500,500,600,500,600,540,equal,2024-12-08 21:46:47.435+00
675,80,10,HMN,500,600,600,500,500,600,equal,2024-12-08 21:46:53.498+00
676,80,11,SLR,500,500,600,500,500,660,equal,2024-12-08 21:46:59.676+00
677,80,12,HLR,500,500,600,500,600,660,shorter,2024-12-08 21:47:13.589+00
678,80,13,LLN,500,400,660,500,500,600,equal,2024-12-08 21:47:19.265+00
679,80,14,HSN,500,600,540,500,500,600,equal,2024-12-08 21:47:25.582+00
680,80,15,LSR,500,500,600,500,400,540,equal,2024-12-08 21:47:31.973+00
681,80,16,HLN,500,600,660,500,500,600,longer,2024-12-08 21:47:44.438+00
682,80,17,SSR,500,500,600,500,500,540,equal,2024-12-08 21:47:50.238+00
683,80,18,LLR,500,500,600,500,400,660,equal,2024-12-08 21:48:12.114+00
684,81,1,SMN,500,500,600,500,500,600,equal,2024-12-08 22:00:59.624+00
685,81,2,HLR,500,500,600,500,600,660,equal,2024-12-08 22:01:16.13+00
686,81,3,LLR,500,500,600,500,400,660,shorter,2024-12-08 22:01:23.598+00
687,81,4,SMR,500,500,600,500,500,600,equal,2024-12-08 22:01:30.086+00
688,81,5,HSN,500,600,540,500,500,600,equal,2024-12-08 22:01:36.545+00
689,81,6,SLR,500,500,600,500,500,660,shorter,2024-12-08 22:01:43.615+00
690,81,7,SSN,500,500,540,500,500,600,shorter,2024-12-08 22:01:49.213+00
691,81,8,SLN,500,500,660,500,500,600,longer,2024-12-08 22:02:05.564+00
692,81,9,LSN,500,400,540,500,500,600,equal,2024-12-08 22:02:11.086+00
693,81,10,HSR,500,500,600,500,600,540,equal,2024-12-08 22:02:16.203+00
694,81,11,LMN,500,400,600,500,500,600,equal,2024-12-08 22:02:21.921+00
695,81,12,LMR,500,500,600,500,400,600,shorter,2024-12-08 22:02:27.366+00
696,81,13,LLN,500,400,660,500,500,600,equal,2024-12-08 22:02:32.461+00
697,81,14,SSR,500,500,600,500,500,540,longer,2024-12-08 22:02:37.69+00
698,81,15,LSR,500,500,600,500,400,540,equal,2024-12-08 22:02:47.518+00
699,81,16,HMN,500,600,600,500,500,600,equal,2024-12-08 22:02:52.99+00
700,81,17,HMR,500,500,600,500,600,600,shorter,2024-12-08 22:02:59.345+00
701,81,18,HLN,500,600,660,500,500,600,longer,2024-12-08 22:03:04.848+00
702,82,1,HMR,500,500,600,500,600,600,equal,2024-12-08 22:40:11.203+00
703,82,2,HSR,500,500,600,500,600,540,equal,2024-12-08 22:40:43.642+00
704,82,3,LLN,500,400,660,500,500,600,equal,2024-12-08 22:41:35.634+00
705,82,4,LLR,500,500,600,500,400,660,equal,2024-12-08 22:41:42.549+00
706,82,5,SMN,500,500,600,500,500,600,equal,2024-12-08 22:41:54.828+00
707,82,6,LSR,500,500,600,500,400,540,equal,2024-12-08 22:42:17.061+00
708,82,7,SSN,500,500,540,500,500,600,equal,2024-12-08 22:42:36.163+00
709,82,8,LSN,500,400,540,500,500,600,equal,2024-12-08 22:43:06.13+00
710,82,9,HSN,500,600,540,500,500,600,equal,2024-12-08 22:43:16.053+00
711,82,10,SLN,500,500,660,500,500,600,longer,2024-12-08 22:43:44.797+00
712,82,11,HMN,500,600,600,500,500,600,equal,2024-12-08 22:43:56.94+00
713,82,12,HLN,500,600,660,500,500,600,longer,2024-12-08 22:44:43.936+00
714,82,13,LMR,500,500,600,500,400,600,equal,2024-12-08 22:45:00.346+00
715,83,1,LMN,500,400,600,500,500,600,longer,2024-12-08 22:45:30.723+00
716,82,14,SSR,500,500,600,500,500,540,longer,2024-12-08 22:45:35.916+00
717,83,2,LLN,500,400,660,500,500,600,equal,2024-12-08 22:45:39.148+00
718,82,15,SMR,500,500,600,500,500,600,equal,2024-12-08 22:45:46.405+00
719,83,3,SSN,500,500,540,500,500,600,shorter,2024-12-08 22:45:46.668+00
720,83,4,HSR,500,500,600,500,600,540,equal,2024-12-08 22:45:53.843+00
721,83,5,LLR,500,500,600,500,400,660,shorter,2024-12-08 22:46:01.357+00
722,84,1,SLN,500,500,660,500,500,600,equal,2024-12-08 22:46:02.59+00
723,82,16,HLR,500,500,600,500,600,660,shorter,2024-12-08 22:46:07.838+00
724,83,6,SLR,500,500,600,500,500,660,equal,2024-12-08 22:46:08.294+00
725,83,7,SLN,500,500,660,500,500,600,equal,2024-12-08 22:46:14.687+00
726,84,2,LLN,500,400,660,500,500,600,equal,2024-12-08 22:46:14.798+00
727,82,17,LMN,500,400,600,500,500,600,equal,2024-12-08 22:46:19.435+00
728,83,8,HMR,500,500,600,500,600,600,equal,2024-12-08 22:46:21.04+00
729,83,9,LSN,500,400,540,500,500,600,shorter,2024-12-08 22:46:26.944+00
730,84,3,SSR,500,500,600,500,500,540,equal,2024-12-08 22:46:30.012+00
731,82,18,SLR,500,500,600,500,500,660,shorter,2024-12-08 22:46:30.804+00
732,83,10,SMN,500,500,600,500,500,600,equal,2024-12-08 22:46:33.496+00
733,83,11,LSR,500,500,600,500,400,540,equal,2024-12-08 22:46:40.698+00
734,84,4,HLN,500,600,660,500,500,600,equal,2024-12-08 22:46:42.6+00
735,83,12,SMR,500,500,600,500,500,600,equal,2024-12-08 22:46:47.353+00
736,84,5,HSN,500,600,540,500,500,600,equal,2024-12-08 22:46:53.148+00
737,83,13,HLR,500,500,600,500,600,660,equal,2024-12-08 22:46:53.818+00
738,83,14,HMN,500,600,600,500,500,600,equal,2024-12-08 22:47:00.945+00
739,83,15,SSR,500,500,600,500,500,540,equal,2024-12-08 22:47:07.323+00
740,83,16,HLN,500,600,660,500,500,600,equal,2024-12-08 22:47:13.115+00
741,83,17,LMR,500,500,600,500,400,600,equal,2024-12-08 22:47:18.914+00
742,83,18,HSN,500,600,540,500,500,600,equal,2024-12-08 22:47:24.867+00
743,86,1,LLN,500,400,660,500,500,600,longer,2024-12-08 23:13:01.674+00
744,86,2,LMN,500,400,600,500,500,600,shorter,2024-12-08 23:13:12.73+00
745,86,3,SLR,500,500,600,500,500,660,shorter,2024-12-08 23:13:19.884+00
746,86,4,LSN,500,400,540,500,500,600,shorter,2024-12-08 23:13:29.843+00
747,86,5,HMR,500,500,600,500,600,600,shorter,2024-12-08 23:13:38.495+00
748,86,6,HLR,500,500,600,500,600,660,shorter,2024-12-08 23:13:44.855+00
749,86,7,SMN,500,500,600,500,500,600,equal,2024-12-08 23:13:50.795+00
750,86,8,LLR,500,500,600,500,400,660,shorter,2024-12-08 23:13:57.245+00
751,86,9,SLN,500,500,660,500,500,600,equal,2024-12-08 23:14:03.137+00
752,86,10,HSN,500,600,540,500,500,600,longer,2024-12-08 23:14:11.663+00
753,86,11,HSR,500,500,600,500,600,540,shorter,2024-12-08 23:14:17.441+00
754,86,12,SMR,500,500,600,500,500,600,equal,2024-12-08 23:14:22.658+00
755,86,13,LMR,500,500,600,500,400,600,longer,2024-12-08 23:14:29.737+00
756,86,14,HLN,500,600,660,500,500,600,longer,2024-12-08 23:14:36.34+00
757,86,15,SSR,500,500,600,500,500,540,equal,2024-12-08 23:14:42.764+00
758,86,16,LSR,500,500,600,500,400,540,shorter,2024-12-08 23:14:48.891+00
759,86,17,HMN,500,600,600,500,500,600,equal,2024-12-08 23:14:55.217+00
760,86,18,SSN,500,500,540,500,500,600,equal,2024-12-08 23:15:00.93+00
761,87,1,HMR,500,500,600,500,600,600,equal,2024-12-08 23:19:48.005+00
762,87,2,LLR,500,500,600,500,400,660,shorter,2024-12-08 23:20:06.206+00
763,87,3,LMN,500,400,600,500,500,600,longer,2024-12-08 23:20:38.139+00
764,87,4,SSR,500,500,600,500,500,540,longer,2024-12-08 23:20:56.368+00
765,87,5,HSN,500,600,540,500,500,600,shorter,2024-12-08 23:21:15.793+00
766,87,6,HLN,500,600,660,500,500,600,equal,2024-12-08 23:28:38.905+00
767,87,7,HSR,500,500,600,500,600,540,equal,2024-12-08 23:28:50.695+00
768,87,8,LSR,500,500,600,500,400,540,equal,2024-12-08 23:28:59.637+00
769,87,9,SMN,500,500,600,500,500,600,longer,2024-12-08 23:29:10.147+00
770,87,10,HLR,500,500,600,500,600,660,shorter,2024-12-08 23:29:40.891+00
771,87,11,SMR,500,500,600,500,500,600,equal,2024-12-08 23:29:56.753+00
772,87,12,SLN,500,500,660,500,500,600,equal,2024-12-08 23:30:04.935+00
773,87,13,SLR,500,500,600,500,500,660,shorter,2024-12-08 23:30:13.072+00
774,87,14,LMR,500,500,600,500,400,600,longer,2024-12-08 23:30:28.833+00
775,87,15,LLN,500,400,660,500,500,600,longer,2024-12-08 23:30:41.077+00
776,87,16,SSN,500,500,540,500,500,600,shorter,2024-12-08 23:30:54.273+00
777,87,17,LSN,500,400,540,500,500,600,equal,2024-12-08 23:31:02.469+00
778,87,18,HMN,500,600,600,500,500,600,longer,2024-12-08 23:31:11.18+00
779,88,1,SMR,500,500,600,500,500,600,shorter,2024-12-08 23:45:02.868+00
780,88,2,LMN,500,400,600,500,500,600,equal,2024-12-08 23:45:24.829+00
781,88,3,HLR,500,500,600,500,600,660,longer,2024-12-08 23:45:38.667+00
782,88,4,HSR,500,500,600,500,600,540,equal,2024-12-08 23:45:45.467+00
783,88,5,LLN,500,400,660,500,500,600,longer,2024-12-08 23:45:55.871+00
784,88,6,LSR,500,500,600,500,400,540,equal,2024-12-08 23:46:03.639+00
785,88,7,HMN,500,600,600,500,500,600,equal,2024-12-08 23:46:16.52+00
786,88,8,SSN,500,500,540,500,500,600,equal,2024-12-08 23:46:25.879+00
787,88,9,SLN,500,500,660,500,500,600,equal,2024-12-08 23:46:33.921+00
788,88,10,HLN,500,600,660,500,500,600,equal,2024-12-08 23:46:52.429+00
789,88,11,SLR,500,500,600,500,500,660,shorter,2024-12-08 23:47:00.444+00
790,88,12,LLR,500,500,600,500,400,660,shorter,2024-12-08 23:47:22.388+00
791,88,13,HSN,500,600,540,500,500,600,equal,2024-12-08 23:47:39.848+00
792,88,14,LMR,500,500,600,500,400,600,equal,2024-12-08 23:47:51.263+00
793,88,15,HMR,500,500,600,500,600,600,equal,2024-12-08 23:48:13.363+00
794,88,16,LSN,500,400,540,500,500,600,shorter,2024-12-08 23:48:26.86+00
795,88,17,SSR,500,500,600,500,500,540,equal,2024-12-08 23:48:33.713+00
796,88,18,SMN,500,500,600,500,500,600,equal,2024-12-08 23:48:44.536+00
797,89,1,HMN,500,600,600,500,500,600,equal,2024-12-09 00:30:34.893+00
798,89,2,SMN,500,500,600,500,500,600,equal,2024-12-09 00:30:41.527+00
799,89,3,LMR,500,500,600,500,400,600,equal,2024-12-09 00:30:51.416+00
800,89,4,LSR,500,500,600,500,400,540,equal,2024-12-09 00:30:58.153+00
801,89,5,HLN,500,600,660,500,500,600,equal,2024-12-09 00:31:07.573+00
802,89,6,SSR,500,500,600,500,500,540,equal,2024-12-09 00:31:14.608+00
803,89,7,SSN,500,500,540,500,500,600,equal,2024-12-09 00:31:20.347+00
804,89,8,LMN,500,400,600,500,500,600,equal,2024-12-09 00:31:29.28+00
805,89,9,SLN,500,500,660,500,500,600,equal,2024-12-09 00:31:35.36+00
806,89,10,SLR,500,500,600,500,500,660,equal,2024-12-09 00:31:41.233+00
807,89,11,HSR,500,500,600,500,600,540,equal,2024-12-09 00:31:48.156+00
808,89,12,LLN,500,400,660,500,500,600,equal,2024-12-09 00:31:54.492+00
809,89,13,HSN,500,600,540,500,500,600,equal,2024-12-09 00:32:00.842+00
810,89,14,LSN,500,400,540,500,500,600,equal,2024-12-09 00:32:07.614+00
811,89,15,SMR,500,500,600,500,500,600,equal,2024-12-09 00:32:13.924+00
812,89,16,HLR,500,500,600,500,600,660,equal,2024-12-09 00:32:19.682+00
813,89,17,LLR,500,500,600,500,400,660,equal,2024-12-09 00:32:25.748+00
814,89,18,HMR,500,500,600,500,600,600,equal,2024-12-09 00:32:31.175+00
815,90,1,HMN,500,600,600,500,500,600,longer,2024-12-09 01:01:51.021+00
816,90,2,SLR,500,500,600,500,500,660,equal,2024-12-09 01:02:03.032+00
817,90,3,LMN,500,400,600,500,500,600,longer,2024-12-09 01:02:09.487+00
818,90,4,HSR,500,500,600,500,600,540,shorter,2024-12-09 01:02:16.358+00
819,90,5,HSN,500,600,540,500,500,600,longer,2024-12-09 01:02:22.896+00
820,90,6,HMR,500,500,600,500,600,600,shorter,2024-12-09 01:02:30.108+00
821,90,7,LLR,500,500,600,500,400,660,shorter,2024-12-09 01:02:38.827+00
822,90,8,LSR,500,500,600,500,400,540,shorter,2024-12-09 01:02:44.281+00
823,90,9,SMN,500,500,600,500,500,600,equal,2024-12-09 01:02:49.94+00
824,90,10,SSN,500,500,540,500,500,600,equal,2024-12-09 01:02:55.111+00
825,90,11,SMR,500,500,600,500,500,600,equal,2024-12-09 01:03:02.403+00
826,90,12,SSR,500,500,600,500,500,540,equal,2024-12-09 01:03:09.591+00
827,90,13,HLN,500,600,660,500,500,600,longer,2024-12-09 01:03:17.205+00
828,90,14,LSN,500,400,540,500,500,600,longer,2024-12-09 01:03:27.708+00
829,90,15,SLN,500,500,660,500,500,600,equal,2024-12-09 01:03:34.559+00
830,90,16,LLN,500,400,660,500,500,600,longer,2024-12-09 01:03:41.781+00
831,90,17,HLR,500,500,600,500,600,660,shorter,2024-12-09 01:03:49.079+00
832,90,18,LMR,500,500,600,500,400,600,shorter,2024-12-09 01:03:54.624+00
833,93,1,SLR,500,500,600,500,500,660,shorter,2024-12-09 02:45:41.459+00
834,93,2,SSR,500,500,600,500,500,540,equal,2024-12-09 02:45:50.579+00
835,93,3,SSN,500,500,540,500,500,600,shorter,2024-12-09 02:45:55.582+00
836,93,4,HMR,500,500,600,500,600,600,equal,2024-12-09 02:46:05.889+00
837,93,4,HMR,500,500,600,500,600,600,longer,2024-12-09 02:46:21.315+00
838,93,5,HLR,500,500,600,500,600,660,shorter,2024-12-09 02:46:28.886+00
839,93,6,SMR,500,500,600,500,500,600,equal,2024-12-09 02:46:33.577+00
840,93,7,HSN,500,600,540,500,500,600,equal,2024-12-09 02:46:38.421+00
841,93,8,LSN,500,400,540,500,500,600,equal,2024-12-09 02:46:43.414+00
842,93,9,LMN,500,400,600,500,500,600,equal,2024-12-09 02:46:55.261+00
843,93,10,LLR,500,500,600,500,400,660,longer,2024-12-09 02:46:59.937+00
844,93,11,HLN,500,600,660,500,500,600,equal,2024-12-09 02:47:09.306+00
845,93,12,SLN,500,500,660,500,500,600,longer,2024-12-09 02:47:13.834+00
846,93,13,SMN,500,500,600,500,500,600,equal,2024-12-09 02:47:19.127+00
847,93,14,LSR,500,500,600,500,400,540,equal,2024-12-09 02:47:24.216+00
848,93,15,LLN,500,400,660,500,500,600,longer,2024-12-09 02:47:29.19+00
849,93,16,HMN,500,600,600,500,500,600,equal,2024-12-09 02:47:33.717+00
850,93,17,LMR,500,500,600,500,400,600,equal,2024-12-09 02:47:47.947+00
851,93,18,HSR,500,500,600,500,600,540,longer,2024-12-09 02:48:02.508+00
852,94,1,LLN,500,400,660,500,500,600,equal,2024-12-09 04:56:15.992+00
853,94,2,HSN,500,600,540,500,500,600,equal,2024-12-09 04:56:26.76+00
854,94,3,SSR,500,500,600,500,500,540,equal,2024-12-09 04:56:42.398+00
855,94,4,SLN,500,500,660,500,500,600,longer,2024-12-09 04:57:05.876+00
856,94,5,HSR,500,500,600,500,600,540,longer,2024-12-09 04:57:15.839+00
857,94,6,LLR,500,500,600,500,400,660,equal,2024-12-09 04:57:26.514+00
858,94,7,LSR,500,500,600,500,400,540,longer,2024-12-09 04:57:39.139+00
859,94,8,SSN,500,500,540,500,500,600,shorter,2024-12-09 04:57:44.046+00
860,94,9,HLR,500,500,600,500,600,660,equal,2024-12-09 04:57:48.7+00
861,94,10,LSN,500,400,540,500,500,600,equal,2024-12-09 04:57:52.978+00
862,94,11,SLR,500,500,600,500,500,660,shorter,2024-12-09 04:57:59.759+00
863,94,12,HMN,500,600,600,500,500,600,equal,2024-12-09 04:58:04.36+00
864,94,13,HMR,500,500,600,500,600,600,equal,2024-12-09 04:58:14.813+00
865,94,14,LMR,500,500,600,500,400,600,equal,2024-12-09 04:58:24.313+00
866,94,15,LMN,500,400,600,500,500,600,equal,2024-12-09 04:58:29.767+00
867,94,16,SMR,500,500,600,500,500,600,equal,2024-12-09 04:58:34.279+00
868,94,17,HLN,500,600,660,500,500,600,longer,2024-12-09 04:58:41.044+00
869,94,18,SMN,500,500,600,500,500,600,equal,2024-12-09 04:58:46.285+00
870,95,1,HLR,500,500,600,500,600,660,shorter,2024-12-09 06:01:15.96+00
871,95,2,LSR,500,500,600,500,400,540,equal,2024-12-09 06:01:28.075+00
872,95,3,SLR,500,500,600,500,500,660,equal,2024-12-09 06:01:41.758+00
873,95,4,SLN,500,500,660,500,500,600,longer,2024-12-09 06:01:51.109+00
874,95,5,LLN,500,400,660,500,500,600,shorter,2024-12-09 06:01:57.978+00
875,95,6,SMN,500,500,600,500,500,600,equal,2024-12-09 06:02:04.444+00
876,95,7,SSN,500,500,540,500,500,600,shorter,2024-12-09 06:02:11.08+00
877,95,8,LLR,500,500,600,500,400,660,shorter,2024-12-09 06:02:16.866+00
878,95,9,LMN,500,400,600,500,500,600,shorter,2024-12-09 06:02:22.933+00
879,95,10,SMR,500,500,600,500,500,600,equal,2024-12-09 06:02:27.7+00
880,95,11,HLN,500,600,660,500,500,600,longer,2024-12-09 06:02:33.653+00
881,95,12,SSR,500,500,600,500,500,540,longer,2024-12-09 06:02:39.053+00
882,95,13,HSR,500,500,600,500,600,540,equal,2024-12-09 06:02:43.72+00
883,95,14,LMR,500,500,600,500,400,600,equal,2024-12-09 06:02:49.154+00
884,95,15,LSN,500,400,540,500,500,600,equal,2024-12-09 06:02:55.024+00
885,95,16,HMR,500,500,600,500,600,600,equal,2024-12-09 06:03:00.608+00
886,95,17,HSN,500,600,540,500,500,600,equal,2024-12-09 06:03:05.526+00
887,95,18,HMN,500,600,600,500,500,600,equal,2024-12-09 06:03:10.495+00
888,96,1,SMR,500,500,600,500,500,600,shorter,2024-12-09 06:07:50.681+00
889,96,2,SLR,500,500,600,500,500,660,equal,2024-12-09 06:08:01.433+00
890,96,3,LLN,500,400,660,500,500,600,longer,2024-12-09 06:08:26.112+00
891,96,4,HMR,500,500,600,500,600,600,equal,2024-12-09 06:08:37.485+00
892,96,5,HLN,500,600,660,500,500,600,equal,2024-12-09 06:08:43.04+00
893,96,6,HLR,500,500,600,500,600,660,longer,2024-12-09 06:08:50.188+00
894,97,1,SSN,500,500,540,500,500,600,shorter,2024-12-09 12:58:33.391+00
895,97,2,SMR,500,500,600,500,500,600,shorter,2024-12-09 12:58:42.894+00
896,97,3,HMN,500,600,600,500,500,600,equal,2024-12-09 12:58:56.552+00
897,97,4,LMR,500,500,600,500,400,600,equal,2024-12-09 12:59:06.704+00
898,97,5,LMN,500,400,600,500,500,600,equal,2024-12-09 12:59:14.777+00
899,97,6,LSR,500,500,600,500,400,540,equal,2024-12-09 12:59:21.481+00
900,97,7,HMR,500,500,600,500,600,600,equal,2024-12-09 12:59:27.258+00
901,97,8,HLN,500,600,660,500,500,600,equal,2024-12-09 12:59:34.898+00
902,97,9,SMN,500,500,600,500,500,600,equal,2024-12-09 12:59:41.163+00
903,97,10,SSR,500,500,600,500,500,540,equal,2024-12-09 12:59:47.275+00
904,97,11,HLR,500,500,600,500,600,660,equal,2024-12-09 12:59:53.171+00
905,97,12,LSN,500,400,540,500,500,600,equal,2024-12-09 12:59:59.107+00
906,97,13,HSR,500,500,600,500,600,540,equal,2024-12-09 13:00:05.531+00
907,97,14,SLN,500,500,660,500,500,600,equal,2024-12-09 13:00:11.036+00
908,97,15,LLR,500,500,600,500,400,660,equal,2024-12-09 13:00:16.5+00
909,97,16,SLR,500,500,600,500,500,660,equal,2024-12-09 13:00:21.677+00
910,97,17,LLN,500,400,660,500,500,600,equal,2024-12-09 13:00:26.813+00
911,97,18,HSN,500,600,540,500,500,600,equal,2024-12-09 13:00:31.909+00
912,99,1,HLN,500,600,660,500,500,600,equal,2024-12-09 17:55:30.56+00
913,99,2,LSR,500,500,600,500,400,540,equal,2024-12-09 17:55:38.581+00
914,99,3,HSR,500,500,600,500,600,540,equal,2024-12-09 17:55:49.24+00
915,99,4,HSN,500,600,540,500,500,600,shorter,2024-12-09 17:55:56.293+00
916,100,1,HSR,500,500,600,500,600,540,equal,2024-12-10 00:50:54.514+00
917,100,2,HLN,500,600,660,500,500,600,equal,2024-12-10 00:51:03.033+00
918,100,3,LLN,500,400,660,500,500,600,equal,2024-12-10 00:51:10.791+00
919,100,4,SSR,500,500,600,500,500,540,equal,2024-12-10 00:51:22.754+00
920,100,5,LMN,500,400,600,500,500,600,equal,2024-12-10 00:51:29.303+00
921,100,6,LMR,500,500,600,500,400,600,equal,2024-12-10 00:51:36.067+00
922,100,7,HSN,500,600,540,500,500,600,longer,2024-12-10 00:51:42.9+00
923,100,8,HMR,500,500,600,500,600,600,equal,2024-12-10 00:51:49.615+00
924,100,9,SMN,500,500,600,500,500,600,equal,2024-12-10 00:51:56.078+00
925,100,10,HLR,500,500,600,500,600,660,shorter,2024-12-10 00:52:08.471+00
926,100,11,LSN,500,400,540,500,500,600,equal,2024-12-10 00:52:26.926+00
927,100,12,SLR,500,500,600,500,500,660,shorter,2024-12-10 00:52:39.848+00
928,100,13,SLN,500,500,660,500,500,600,equal,2024-12-10 00:52:45.489+00
929,100,14,LSR,500,500,600,500,400,540,equal,2024-12-10 00:52:51.212+00
930,100,15,SSN,500,500,540,500,500,600,equal,2024-12-10 00:52:56.237+00
931,100,16,SMR,500,500,600,500,500,600,equal,2024-12-10 00:53:01.872+00
932,100,17,LLR,500,500,600,500,400,660,equal,2024-12-10 00:53:07.291+00
933,100,18,HMN,500,600,600,500,500,600,equal,2024-12-10 00:53:13.789+00
934,102,1,HSR,500,500,600,500,600,540,equal,2024-12-10 22:37:27.053+00
935,102,2,HLR,500,500,600,500,600,660,shorter,2024-12-10 22:37:49.899+00
936,102,3,LMR,500,500,600,500,400,600,equal,2024-12-10 22:38:06.773+00
937,102,4,SMR,500,500,600,500,500,600,equal,2024-12-10 22:38:23.514+00
938,102,5,LLR,500,500,600,500,400,660,shorter,2024-12-10 22:38:40.215+00
939,102,6,SLR,500,500,600,500,500,660,shorter,2024-12-10 22:38:53.966+00
940,102,7,LMN,500,400,600,500,500,600,equal,2024-12-10 22:39:22.371+00
941,102,8,HMN,500,600,600,500,500,600,equal,2024-12-10 22:39:39.25+00
942,102,9,HLN,500,600,660,500,500,600,equal,2024-12-10 22:40:03.715+00
943,102,10,LSR,500,500,600,500,400,540,longer,2024-12-10 22:40:16.854+00
944,102,11,LLN,500,400,660,500,500,600,longer,2024-12-10 22:41:10.483+00
945,102,12,SSN,500,500,540,500,500,600,shorter,2024-12-10 22:41:25.032+00
946,102,13,SSR,500,500,600,500,500,540,equal,2024-12-10 22:41:31.234+00
947,102,14,HMR,500,500,600,500,600,600,equal,2024-12-10 22:41:44.496+00
948,102,15,SLN,500,500,660,500,500,600,equal,2024-12-10 22:41:56.673+00
949,102,16,SMN,500,500,600,500,500,600,equal,2024-12-10 22:42:07.19+00
950,102,17,LSN,500,400,540,500,500,600,equal,2024-12-10 22:42:21.852+00
951,102,18,HSN,500,600,540,500,500,600,equal,2024-12-10 22:42:32.972+00
952,103,1,SSN,500,500,540,500,500,600,shorter,2024-12-14 02:32:43.67+00
953,103,2,HSR,500,500,600,500,600,540,equal,2024-12-14 02:32:57.37+00
954,103,3,SMR,500,500,600,500,500,600,equal,2024-12-14 02:33:12.927+00
955,103,4,SLN,500,500,660,500,500,600,shorter,2024-12-14 02:33:35.132+00
956,103,5,SMN,500,500,600,500,500,600,shorter,2024-12-14 02:33:42.272+00
957,103,6,HSN,500,600,540,500,500,600,equal,2024-12-14 02:33:48.625+00
958,104,1,LLR,500,500,600,500,400,660,shorter,2024-12-16 08:29:58.477+00
959,104,2,LMR,500,500,600,500,400,600,equal,2024-12-16 08:30:04.348+00
960,104,3,HSN,500,600,540,500,500,600,shorter,2024-12-16 08:30:10.718+00
961,104,4,SLN,500,500,660,500,500,600,longer,2024-12-16 08:30:17.37+00
962,104,5,SMR,500,500,600,500,500,600,equal,2024-12-16 08:30:29.179+00
963,104,6,HLN,500,600,660,500,500,600,longer,2024-12-16 08:30:34.516+00
964,104,7,SSN,500,500,540,500,500,600,shorter,2024-12-16 08:30:40.423+00
965,104,8,LSR,500,500,600,500,400,540,equal,2024-12-16 08:30:46.503+00
966,104,9,LLN,500,400,660,500,500,600,longer,2024-12-16 08:30:51.575+00
967,104,10,SLR,500,500,600,500,500,660,shorter,2024-12-16 08:30:57.022+00
968,104,11,SSR,500,500,600,500,500,540,equal,2024-12-16 08:31:06.766+00
969,104,12,HMN,500,600,600,500,500,600,equal,2024-12-16 08:31:12.388+00
970,104,13,LSN,500,400,540,500,500,600,shorter,2024-12-16 08:31:17.509+00
971,104,14,LMN,500,400,600,500,500,600,equal,2024-12-16 08:31:31.325+00
972,104,15,HMR,500,500,600,500,600,600,equal,2024-12-16 08:31:42.317+00
973,104,16,SMN,500,500,600,500,500,600,equal,2024-12-16 08:31:52.836+00
974,104,17,HSR,500,500,600,500,600,540,longer,2024-12-16 08:31:59.538+00
975,104,18,HLR,500,500,600,500,600,660,shorter,2024-12-16 08:32:06.55+00